,phrase,label,sentiment,subjectivity,language,count
Netherlands,,,,,,
California,,,,,,
Greece,,,,,,
Alps,,,,,,
Brussels,,,,,,
US,,,,,,
South Africa,,,,,,
Victoria,,,,,,
Austria,,,,,,
New York,,,,,,
Belgium,,,,,,
Flanders,,,,,,
Spain,,,,,,
the United States,,,,,,
Australia,,,,,,
Philippines,,,,,,
Ukraine,,,,,,
Finland,,,,,,
Sweden,,,,,,
France,,,,,,
Limburg,,,,,,
Antwerp,,,,,,
Germany,,,,,,
Italy,,,,,,
Savoie,,,,,,
Scandinavia,,,,,,
Schiphol,,,,,,
Europe,,,,,,
Athens,,,,,,
French Alps,,,,,,
Salzburg,,,,,,
Switzerland,,,,,,
Oregon,,,,,,
Kinrooi,,,,,,
Mozambique,,,,,,
Japan,,,,,,
North Sulawesi,,,,,,
East Flanders,,,,,,
Baculin,,,,,,
Stokkem,,,,,,
Colombia,,,,,,
Indonesia,,,,,,
Patagonia,,,,,,
Portugal,,,,,,
La Plagne,,,,,,
Courchevel,,,,,,
Essen,,,,,,
Pyrénées-Orientales,,,,,,
Ardennes,,,,,,
Boston,,,,,,
Kiev,,,,,,
Stekene,,,,,,
Russia,,,,,,
Los Angeles,,,,,,
Venezuela,,,,,,
Groningen,,,,,,
Drenthe,,,,,,
Friesland,,,,,,
Copernicus Sentinel-2,,,,,,
the South Atlantic Ocean,,,,,,
Norway,,,,,,
Oudberg,,,,,,
Denmark,,,,,,
Utrecht,,,,,,
Amsterdam,,,,,,
Marbella,,,,,,
Caribbean,,,,,,
Greenland,,,,,,
Muizen,,,,,,
Kyiv,,,,,,
De Ster,,,,,,
Congo,,,,,,
Sint-Niklaas,,,,,,
Democratic Republic of Congo,,,,,,
Antarctica,,,,,,
Planckendael,,,,,,
Vallorcine,,,,,,
Horse City,,,,,,
Mechelen,,,,,,
Earth,,,,,,
South,,,,,,
Anderlecht,,,,,,
Rand,,,,,,
Lisbon,,,,,,
Tessenderlo-Ham,,,,,,
Melbourne,,,,,,
The United States,,,,,,
New York City,,,,,,
Argentina,,,,,,
Chile,,,,,,
Walhain,,,,,,
derby,,,,,,
the Aegean Sea,,,,,,
the United Kingdom,,,,,,
the Netherlands,,,,,,
Oudenburg,,,,,,
Pelt,,,,,,
Michigan,,,,,,
Grand Rapids,,,,,,
auroras,,,,,,
Friedrichshafen,,,,,,
Excelsior Vorst,,,,,,
Zimbabwe,,,,,,
Africa,,,,,,
Chamoson,,,,,,
Longwood,,,,,,
Temptation Island',,,,,,
Beringen,,,,,,
Mexico,,,,,,
Zilvermeercross,,,,,,
the West Flemish Cup,,,,,,
Dubai,,,,,,
Alpine,,,,,,
United States,,,,,,
Eisden-Tuinwijk,,,,,,
St. Barbara's,,,,,,
Maastricht,,,,,,
Eisden,,,,,,
Lima,,,,,,
Áncash,,,,,,
Peru,,,,,,
Gdansk,,,,,,
Northern Europe,,,,,,
Lapland,,,,,,
Vardousia,,,,,,
Aceh,,,,,,
South Holland,,,,,,
De Warmste,,,,,,
Lower Belgium,,,,,,
Bourla,,,,,,
The Hague,,,,,,
Basel,,,,,,
Temse,,,,,,
Bundesliga,,,,,,
Mexico City,,,,,,
Almere,,,,,,
Poland,,,,,,
Flemish Brabant,,,,,,
Lombardsijde,,,,,,
Nieuwpoort,,,,,,
Het Geleed,,,,,,
Cebu,,,,,,
Queensland,,,,,,
Sin City',,,,,,
Moscow,,,,,,
Hertoginstraat,,,,,,
Turnhout,,,,,,
Bruges,,,,,,
Balthasar,,,,,,
Western Attica,,,,,,
Wetteren,,,,,,
Ghent,,,,,,
the West Bank,,,,,,
West Bank,,,,,,
Bethlehem,,,,,,
Schiedam,,,,,,
Maasgouw,,,,,,
Club Brugge,,,,,,
Haaland,,,,,,
Brugge,,,,,,
Leie,,,,,,
Deinze,,,,,,
West Flanders,,,,,,
Santa Marta,,,,,,
